{
  "generated_at": "2025-09-17T14:56:59.930598+00:00",
  "all": {
    "stats": {
      "count": 2809,
      "mean_mb": 170.30506799572802,
      "min_mb": 0.0,
      "max_mb": 2847.773,
      "p50_mb": 192.129,
      "p75_mb": 192.842,
      "p90_mb": 195.63080000000002,
      "p95_mb": 197.832,
      "zero_mb_files": 2
    },
    "buckets": {
      "0MB": 2,
      "(0, 10]MB": 13,
      "(10, 100]MB": 508,
      ">100MB": 2286
    }
  },
  "post_cutoff": {
    "stats": {
      "count": 2753,
      "mean_mb": 168.75549691245914,
      "min_mb": 0.0,
      "max_mb": 2847.773,
      "p50_mb": 192.139,
      "p75_mb": 192.832,
      "p90_mb": 195.4102,
      "p95_mb": 197.588,
      "zero_mb_files": 1
    },
    "buckets": {
      "0MB": 1,
      "(0, 10]MB": 6,
      "(10, 100]MB": 486,
      ">100MB": 2260
    }
  }
}